{
  "Version": "2012-10-17",
  "Statement": [
    {
      "Sid": "AllowListActions",
      "Effect": "Allow",
      "Action": [
        "iam:ListUsers",
        "iam:ListVirtualMFADevices"
      ],
      "Resource": "*"
    },
    {
      "Sid": "AllowUserToCreateVirtualMFADevice",
      "Effect": "Allow",
      "Action": [
        "iam:CreateVirtualMFADevice"
      ],
      "Resource": "arn:aws:iam::*:mfa/*"
    },
    {
      "Sid": "AllowUserToManageTheirOwnMFA",
      "Effect": "Allow",
      "Action": [
        "iam:EnableMFADevice",
        "iam:GetMFADevice",
        "iam:ListMFADevices",
        "iam:ResyncMFADevice"
      ],
      "Resource": "arn:aws:iam::*:user/${aws:username}"
    },
    {
      "Sid": "AllowUserToDeactivateTheirOwnMFAOnlyWhenUsingMFA",
      "Effect": "Allow",
      "Action": [
        "iam:DeactivateMFADevice",
        "iam:ChangePassword"
      ],
      "Resource": [
        "arn:aws:iam::*:user/${aws:username}"
      ],
      "Condition": {
        "Bool": {
          "aws:MultiFactorAuthPresent": "true"
        }
      }
    },
    {
      "Sid": "BlockMostAccessUnlessSignedInWithMFA",
      "Effect": "Deny",
      "NotAction": [
        "iam:CreateVirtualMFADevice",
        "iam:EnableMFADevice",
        "iam:ListMFADevices",
        "iam:ListUsers",
        "iam:ListVirtualMFADevices",
        "iam:ResyncMFADevice",
        "iam:ChangePassword"
      ],
      "Resource": "*",
      "Condition": {
        "BoolIfExists": {
          "aws:MultiFactorAuthPresent": "false"
        },
        "Null": {
          "aws:TokenIssueTime": "false"
        }
      }
    },
    {
      "Effect": "Allow",
      "Action": "iam:GetAccountPasswordPolicy",
      "Resource": "*"
    },
    {
      "Effect": "Allow",
      "Action": "iam:ChangePassword",
      "Resource": "arn:aws:iam::*:user/${aws:username}"
    }
  ]
}